model_id,display_name,provider,backend,prompt_count,min_case_sample_count,max_case_sample_count,worst_at_1,worst_at_2,worst_at_3,worst_at_4,worst_at_5,worst_at_6,worst_at_7,worst_at_8,worst_at_9,worst_at_10,worst_at_11,worst_at_12,worst_at_13,worst_at_14,worst_at_15,worst_at_16
Qwen/Qwen3-8B,Qwen/Qwen3-8B,local,vllm,76,16,16,0.028783,0.004605,0.000775,0.000108,0.000009,0.000000,0.000000,0.000000,0.000000,0.000000,0.000000,0.000000,0.000000,0.000000,0.000000,0.000000
anthropic-haiku-4.5,anthropic-haiku-4.5,anthropic,aws-bedrock,76,16,16,0.312500,0.174013,0.116964,0.085396,0.065621,0.052574,0.043782,0.037813,0.033752,0.030985,0.029105,0.027841,0.027021,0.026535,0.026316,0.026316
anthropic-opus-4.6,anthropic-opus-4.6,anthropic,aws-bedrock,70,1,16,0.178472,,,,,,,,,,,,,,,
anthropic-sonnet-4.6,anthropic-sonnet-4.6,anthropic,aws-bedrock,76,16,16,0.263158,0.165022,0.123332,0.100933,0.087508,0.078734,0.072569,0.067978,0.064413,0.061563,0.059247,0.057345,0.055780,0.054496,0.053454,0.052632
checkpoint-0268-e7184fd355b0,checkpoint-0268-e7184fd355b0,local,vllm,76,16,16,0.965461,0.936184,0.910832,0.888425,0.868267,0.849872,0.832910,0.817160,0.802480,0.788770,0.775963,0.764004,0.752843,0.742434,0.732730,0.723684
gpt-4.1,gpt-4.1,azure-openai,azure-openai,76,14,16,0.160479,0.081908,0.054511,0.039184,0.028867,0.021434,0.015955,0.011886,0.008857,0.006597,0.004895,0.003586,0.002538,0.001645,,
